name,address,district,province,postalcode,tel,website,description
TechVision Co. Ltd.,123 Sukhumvit Rd,Khlong Toei,Bangkok,10110,0212345678,https://www.techvision.co.th,A leading software development company specializing in enterprise solutions and cloud services.
GreenLeaf Organics,456 Nimman Rd,Suthep,Chiang Mai,50200,0531234567,https://www.greenleaforganics.th,Organic food producer and distributor committed to sustainable farming practices.
BlueSky Logistics,789 Rama III Rd,Bang Phongphang,Bangkok,10120,0223456789,https://www.blueskylogistics.co.th,Full-service logistics provider offering freight forwarding and supply chain management.
Sunrise Hospitality,321 Beach Rd,Mueang,Phuket,83000,0761234567,https://www.sunrisehospitality.th,Premium hotel and resort management group operating across Southern Thailand.
DataCore Solutions,55 Ratchadapisek Rd,Din Daeng,Bangkok,10400,0234567890,https://www.datacoresolutions.co.th,Data analytics and AI consultancy helping businesses make smarter decisions.
NovaMedical Group,88 Phahon Yothin Rd,Chatuchak,Bangkok,10900,0245678901,https://www.novamedical.co.th,Private hospital group providing advanced medical care and wellness services.
EcoBuilders Ltd.,200 Mittraphap Rd,Mueang,Nakhon Ratchasima,30000,0441234567,https://www.ecobuilders.th,Construction and real estate development company focused on green building standards.
SwiftPay Fintech,17 Silom Rd,Bang Rak,Bangkok,10500,0256789012,https://www.swiftpay.co.th,Fintech startup offering digital payment infrastructure and mobile banking solutions.
AquaTech Industries,500 Industrial Ring Rd,Map Ta Phut,Rayong,21150,0381234567,https://www.aquatech.co.th,Water treatment and environmental technology company serving industrial clients.
CreativeHub Agency,33 Charoen Krung Rd,Samphanthawong,Bangkok,10100,0267890123,https://www.creativehub.co.th,Full-service creative agency specializing in branding, digital marketing, and UX design.
